team,player,position,count,probability,moneyline
ARI,Francis Mauigoa,OT,1570,0.314,+218
ARI,Arvell Reese,LB,1248,0.2496,+301
ARI,David Bailey,EDGE,1190,0.238,+320
ARI,Sonny Styles,LB,279,0.0558,+1692
ARI,Rueben Bain,EDGE,233,0.0466,+2046
ARI,Spencer Fano,OT,178,0.0356,+2709
ARI,Jeremiyah Love,RB,121,0.0242,+4032
ARI,Monroe Freeling,OT,78,0.0156,+6310
ARI,Carnell Tate,WR,49,0.0098,+10104
ARI,Mansoor Delane,CB,37,0.0074,+13414
ARI,Caleb Downs,S,17,0.0034,+29312
BAL,Olaivavega Ioane,IOL,1286,0.2572,+289
BAL,Jordyn Tyson,WR,781,0.1562,+540
BAL,Omar Cooper Jr.,WR,613,0.1226,+716
BAL,Makai Lemon,WR,562,0.1124,+790
BAL,Kenyon Sadiq,TE,561,0.1122,+791
BAL,Monroe Freeling,OT,144,0.0288,+3372
BAL,Akheem Mesidor,EDGE,128,0.0256,+3806
BAL,Kadyn Proctor,OT,117,0.0234,+4174
BAL,Keldric Faulk,EDGE,115,0.023,+4248
BAL,Jeremiyah Love,RB,98,0.0196,+5002
BAL,Dillon Thieneman,S,82,0.0164,+5998
BAL,Jermod McCoy,CB,70,0.014,+7043
BAL,Carnell Tate,WR,67,0.0134,+7363
BAL,Sonny Styles,LB,62,0.0124,+7965
BAL,Spencer Fano,OT,62,0.0124,+7965
BAL,Kevin Concepcion,WR,57,0.0114,+8672
BAL,Francis Mauigoa,OT,54,0.0108,+9159
BAL,Rueben Bain,EDGE,33,0.0066,+15052
BAL,Blake Miller,OT,28,0.0056,+17757
BAL,Caleb Lomu,OT,24,0.0048,+20733
BAL,Caleb Downs,S,18,0.0036,+27678
BAL,Mansoor Delane,CB,11,0.0022,+45355
BAL,David Bailey,EDGE,9,0.0018,+55456
BAL,Emmanuel McNeil-Warren,S,7,0.0014,+71329
BAL,Avieon Terrell,CB,6,0.0012,+83233
BAL,Arvell Reese,LB,3,0.0006,+166567
BAL,Ty Simpson,QB,2,0.0004,+249900
BUF,T.J. Parker,EDGE,798,0.1596,+527
BUF,Denzel Boston,WR,781,0.1562,+540
BUF,Kevin Concepcion,WR,608,0.1216,+722
BUF,Cashius Howell,EDGE,543,0.1086,+821
BUF,Peter Woods,DT,333,0.0666,+1402
BUF,Kayden McDonald,DT,313,0.0626,+1497
BUF,Zion Young,EDGE,200,0.04,+2400
BUF,Olaivavega Ioane,IOL,120,0.024,+4067
BUF,Emmanuel McNeil-Warren,S,108,0.0216,+4530
BUF,Omar Cooper Jr.,WR,100,0.02,+4900
BUF,Akheem Mesidor,EDGE,99,0.0198,+4951
BUF,Keldric Faulk,EDGE,87,0.0174,+5647
BUF,Blake Miller,OT,84,0.0168,+5852
BUF,C.J. Allen,LB,76,0.0152,+6479
BUF,Avieon Terrell,CB,72,0.0144,+6844
BUF,Dillon Thieneman,S,72,0.0144,+6844
BUF,Caleb Lomu,OT,70,0.014,+7043
BUF,Emmanuel Pregnon,IOL,57,0.0114,+8672
BUF,Jordyn Tyson,WR,57,0.0114,+8672
BUF,Malachi Lawrence,EDGE,51,0.0102,+9704
BUF,Makai Lemon,WR,49,0.0098,+10104
BUF,Caleb Downs,S,32,0.0064,+15525
BUF,Jeremiyah Love,RB,31,0.0062,+16029
BUF,Chase Bisontis,IOL,30,0.006,+16567
BUF,Rueben Bain,EDGE,25,0.005,+19900
BUF,Kenyon Sadiq,TE,24,0.0048,+20733
BUF,Caleb Banks,DT,23,0.0046,+21639
BUF,Colton Hood,CB,23,0.0046,+21639
BUF,Sonny Styles,LB,22,0.0044,+22627
BUF,Spencer Fano,OT,21,0.0042,+23710
BUF,Max Iheanachor,OT,18,0.0036,+27678
BUF,Monroe Freeling,OT,15,0.003,+33233
BUF,Ty Simpson,QB,14,0.0028,+35614
BUF,Kadyn Proctor,OT,11,0.0022,+45355
BUF,Carnell Tate,WR,9,0.0018,+55456
BUF,Chris Johnson,CB,7,0.0014,+71329
BUF,Jermod McCoy,CB,7,0.0014,+71329
BUF,Brandon Cisse,CB,6,0.0012,+83233
BUF,Francis Mauigoa,OT,2,0.0004,+249900
BUF,Drew Allar,QB,1,0.0002,+499900
BUF,Mansoor Delane,CB,1,0.0002,+499900
CAR,Kenyon Sadiq,TE,1018,0.2036,+391
CAR,Akheem Mesidor,EDGE,656,0.1312,+662
CAR,Keldric Faulk,EDGE,529,0.1058,+845
CAR,Omar Cooper Jr.,WR,495,0.099,+910
CAR,Kevin Concepcion,WR,352,0.0704,+1320
CAR,Kadyn Proctor,OT,234,0.0468,+2037
CAR,Blake Miller,OT,221,0.0442,+2162
CAR,Peter Woods,DT,220,0.044,+2173
CAR,T.J. Parker,EDGE,121,0.0242,+4032
CAR,Denzel Boston,WR,117,0.0234,+4174
CAR,Caleb Lomu,OT,115,0.023,+4248
CAR,Avieon Terrell,CB,106,0.0212,+4617
CAR,Jeremiyah Love,RB,82,0.0164,+5998
CAR,Dillon Thieneman,S,80,0.016,+6150
CAR,Monroe Freeling,OT,76,0.0152,+6479
CAR,Spencer Fano,OT,76,0.0152,+6479
CAR,Jordyn Tyson,WR,64,0.0128,+7712
CAR,Kayden McDonald,DT,61,0.0122,+8097
CAR,Emmanuel McNeil-Warren,S,56,0.0112,+8829
CAR,Rueben Bain,EDGE,49,0.0098,+10104
CAR,Francis Mauigoa,OT,48,0.0096,+10317
CAR,Makai Lemon,WR,46,0.0092,+10770
CAR,Olaivavega Ioane,IOL,40,0.008,+12400
CAR,Cashius Howell,EDGE,31,0.0062,+16029
CAR,Carnell Tate,WR,25,0.005,+19900
CAR,Sonny Styles,LB,25,0.005,+19900
CAR,Caleb Downs,S,19,0.0038,+26216
CAR,Jermod McCoy,CB,19,0.0038,+26216
CAR,Mansoor Delane,CB,16,0.0032,+31150
CAR,Ty Simpson,QB,2,0.0004,+249900
CAR,Arvell Reese,LB,1,0.0002,+499900
CHI,Peter Woods,DT,1432,0.2864,+249
CHI,Kayden McDonald,DT,1159,0.2318,+331
CHI,Emmanuel McNeil-Warren,S,826,0.1652,+505
CHI,Avieon Terrell,CB,266,0.0532,+1780
CHI,Dillon Thieneman,S,170,0.034,+2841
CHI,Caleb Banks,DT,117,0.0234,+4174
CHI,Blake Miller,OT,115,0.023,+4248
CHI,Caleb Downs,S,114,0.0228,+4286
CHI,T.J. Parker,EDGE,105,0.021,+4662
CHI,Kevin Concepcion,WR,96,0.0192,+5108
CHI,Denzel Boston,WR,80,0.016,+6150
CHI,Caleb Lomu,OT,73,0.0146,+6749
CHI,Cashius Howell,EDGE,52,0.0104,+9515
CHI,Colton Hood,CB,44,0.0088,+11264
CHI,Spencer Fano,OT,30,0.006,+16567
CHI,Jeremiyah Love,RB,26,0.0052,+19131
CHI,Kadyn Proctor,OT,25,0.005,+19900
CHI,C.J. Allen,LB,24,0.0048,+20733
CHI,Kenyon Sadiq,TE,22,0.0044,+22627
CHI,Sonny Styles,LB,22,0.0044,+22627
CHI,Mansoor Delane,CB,18,0.0036,+27678
CHI,Jermod McCoy,CB,17,0.0034,+29312
CHI,Olaivavega Ioane,IOL,17,0.0034,+29312
CHI,Omar Cooper Jr.,WR,17,0.0034,+29312
CHI,Chris Johnson,CB,16,0.0032,+31150
CHI,Akheem Mesidor,EDGE,15,0.003,+33233
CHI,Max Iheanachor,OT,15,0.003,+33233
CHI,Ty Simpson,QB,15,0.003,+33233
CHI,Monroe Freeling,OT,14,0.0028,+35614
CHI,Keldric Faulk,EDGE,13,0.0026,+38362
CHI,Brandon Cisse,CB,12,0.0024,+41567
CHI,Francis Mauigoa,OT,9,0.0018,+55456
CHI,Zion Young,EDGE,7,0.0014,+71329
CHI,Jordyn Tyson,WR,6,0.0012,+83233
CHI,Rueben Bain,EDGE,4,0.0008,+124900
CHI,Chase Bisontis,IOL,3,0.0006,+166567
CHI,Emmanuel Pregnon,IOL,2,0.0004,+249900
CHI,Carnell Tate,WR,1,0.0002,+499900
CHI,Makai Lemon,WR,1,0.0002,+499900
CIN,Caleb Downs,S,1703,0.3406,+194
CIN,Sonny Styles,LB,669,0.1338,+647
CIN,Dillon Thieneman,S,551,0.1102,+807
CIN,Olaivavega Ioane,IOL,317,0.0634,+1477
CIN,Spencer Fano,OT,267,0.0534,+1773
CIN,Arvell Reese,LB,216,0.0432,+2215
CIN,Monroe Freeling,OT,213,0.0426,+2247
CIN,Mansoor Delane,CB,203,0.0406,+2363
CIN,Jermod McCoy,CB,133,0.0266,+3659
CIN,Jordyn Tyson,WR,133,0.0266,+3659
CIN,Makai Lemon,WR,116,0.0232,+4210
CIN,Jeremiyah Love,RB,113,0.0226,+4325
CIN,Rueben Bain,EDGE,105,0.021,+4662
CIN,Francis Mauigoa,OT,81,0.0162,+6073
CIN,Kenyon Sadiq,TE,56,0.0112,+8829
CIN,David Bailey,EDGE,27,0.0054,+18419
CIN,Carnell Tate,WR,26,0.0052,+19131
CIN,Keldric Faulk,EDGE,24,0.0048,+20733
CIN,Kadyn Proctor,OT,23,0.0046,+21639
CIN,Akheem Mesidor,EDGE,22,0.0044,+22627
CIN,Ty Simpson,QB,2,0.0004,+249900
CLE,Carnell Tate,WR,1414,0.2828,+254
CLE,Francis Mauigoa,OT,948,0.1896,+427
CLE,Monroe Freeling,OT,931,0.1862,+437
CLE,Caleb Lomu,OT,924,0.1848,+441
CLE,Kevin Concepcion,WR,814,0.1628,+514
CLE,Denzel Boston,WR,507,0.1014,+886
CLE,Makai Lemon,WR,506,0.1012,+888
CLE,Spencer Fano,OT,484,0.0968,+933
CLE,Omar Cooper Jr.,WR,410,0.082,+1120
CLE,Blake Miller,OT,371,0.0742,+1248
CLE,Jeremiyah Love,RB,301,0.0602,+1561
CLE,Rueben Bain,EDGE,242,0.0484,+1966
CLE,Kadyn Proctor,OT,211,0.0422,+2270
CLE,Jordyn Tyson,WR,209,0.0418,+2292
CLE,Olaivavega Ioane,IOL,187,0.0374,+2574
CLE,Sonny Styles,LB,181,0.0362,+2662
CLE,Ty Simpson,QB,120,0.024,+4067
CLE,Mansoor Delane,CB,119,0.0238,+4102
CLE,Caleb Downs,S,116,0.0232,+4210
CLE,Peter Woods,DT,111,0.0222,+4405
CLE,Avieon Terrell,CB,108,0.0216,+4530
CLE,T.J. Parker,EDGE,106,0.0212,+4617
CLE,Emmanuel McNeil-Warren,S,102,0.0204,+4802
CLE,David Bailey,EDGE,88,0.0176,+5582
CLE,Cashius Howell,EDGE,85,0.017,+5782
CLE,Kayden McDonald,DT,66,0.0132,+7476
CLE,Arvell Reese,LB,46,0.0092,+10770
CLE,Kenyon Sadiq,TE,44,0.0088,+11264
CLE,Jermod McCoy,CB,39,0.0078,+12721
CLE,Emmanuel Pregnon,IOL,36,0.0072,+13789
CLE,Colton Hood,CB,32,0.0064,+15525
CLE,Chase Bisontis,IOL,31,0.0062,+16029
CLE,C.J. Allen,LB,22,0.0044,+22627
CLE,Akheem Mesidor,EDGE,21,0.0042,+23710
CLE,Dillon Thieneman,S,20,0.004,+24900
CLE,Max Iheanachor,OT,19,0.0038,+26216
CLE,Keldric Faulk,EDGE,11,0.0022,+45355
CLE,Chris Johnson,CB,8,0.0016,+62400
CLE,Caleb Banks,DT,4,0.0008,+124900
CLE,Zion Young,EDGE,4,0.0008,+124900
CLE,Cole Payton,QB,1,0.0002,+499900
CLE,Garrett Nussmeier,QB,1,0.0002,+499900
DAL,Jermod McCoy,CB,1741,0.3482,+187
DAL,Mansoor Delane,CB,898,0.1796,+457
DAL,Keldric Faulk,EDGE,778,0.1556,+543
DAL,Avieon Terrell,CB,731,0.1462,+584
DAL,Akheem Mesidor,EDGE,719,0.1438,+595
DAL,Dillon Thieneman,S,713,0.1426,+601
DAL,Sonny Styles,LB,629,0.1258,+695
DAL,Emmanuel McNeil-Warren,S,594,0.1188,+742
DAL,Peter Woods,DT,356,0.0712,+1304
DAL,Spencer Fano,OT,266,0.0532,+1780
DAL,Monroe Freeling,OT,246,0.0492,+1933
DAL,Caleb Downs,S,238,0.0476,+2001
DAL,Kadyn Proctor,OT,229,0.0458,+2083
DAL,Jeremiyah Love,RB,173,0.0346,+2790
DAL,Omar Cooper Jr.,WR,160,0.032,+3025
DAL,T.J. Parker,EDGE,156,0.0312,+3105
DAL,Rueben Bain,EDGE,146,0.0292,+3325
DAL,Kayden McDonald,DT,134,0.0268,+3631
DAL,Jordyn Tyson,WR,125,0.025,+3900
DAL,Blake Miller,OT,124,0.0248,+3932
DAL,Makai Lemon,WR,123,0.0246,+3965
DAL,Caleb Lomu,OT,115,0.023,+4248
DAL,Kenyon Sadiq,TE,114,0.0228,+4286
DAL,Olaivavega Ioane,IOL,113,0.0226,+4325
DAL,Francis Mauigoa,OT,111,0.0222,+4405
DAL,Kevin Concepcion,WR,81,0.0162,+6073
DAL,Arvell Reese,LB,62,0.0124,+7965
DAL,Cashius Howell,EDGE,42,0.0084,+11805
DAL,David Bailey,EDGE,38,0.0076,+13058
DAL,Denzel Boston,WR,27,0.0054,+18419
DAL,Carnell Tate,WR,15,0.003,+33233
DAL,Ty Simpson,QB,3,0.0006,+166567
DET,Kadyn Proctor,OT,1571,0.3142,+218
DET,Blake Miller,OT,615,0.123,+713
DET,Caleb Lomu,OT,567,0.1134,+782
DET,Spencer Fano,OT,424,0.0848,+1079
DET,Monroe Freeling,OT,378,0.0756,+1223
DET,Francis Mauigoa,OT,284,0.0568,+1661
DET,Peter Woods,DT,205,0.041,+2339
DET,Akheem Mesidor,EDGE,136,0.0272,+3576
DET,Keldric Faulk,EDGE,131,0.0262,+3717
DET,Dillon Thieneman,S,96,0.0192,+5108
DET,Jeremiyah Love,RB,85,0.017,+5782
DET,Kenyon Sadiq,TE,83,0.0166,+5924
DET,Omar Cooper Jr.,WR,82,0.0164,+5998
DET,Olaivavega Ioane,IOL,78,0.0156,+6310
DET,Emmanuel McNeil-Warren,S,54,0.0108,+9159
DET,Sonny Styles,LB,49,0.0098,+10104
DET,Jordyn Tyson,WR,36,0.0072,+13789
DET,Rueben Bain,EDGE,23,0.0046,+21639
DET,Kevin Concepcion,WR,22,0.0044,+22627
DET,Caleb Downs,S,21,0.0042,+23710
DET,Avieon Terrell,CB,16,0.0032,+31150
DET,Jermod McCoy,CB,11,0.0022,+45355
DET,Mansoor Delane,CB,9,0.0018,+55456
DET,T.J. Parker,EDGE,8,0.0016,+62400
DET,Denzel Boston,WR,6,0.0012,+83233
DET,Carnell Tate,WR,4,0.0008,+124900
DET,Makai Lemon,WR,4,0.0008,+124900
DET,Arvell Reese,LB,1,0.0002,+499900
DET,David Bailey,EDGE,1,0.0002,+499900
HOU,Max Iheanachor,OT,833,0.1666,+500
HOU,Kayden McDonald,DT,826,0.1652,+505
HOU,Peter Woods,DT,629,0.1258,+695
HOU,Caleb Banks,DT,267,0.0534,+1773
HOU,Blake Miller,OT,250,0.05,+1900
HOU,Caleb Lomu,OT,223,0.0446,+2142
HOU,Kadyn Proctor,OT,217,0.0434,+2204
HOU,Monroe Freeling,OT,214,0.0428,+2236
HOU,Spencer Fano,OT,204,0.0408,+2351
HOU,Olaivavega Ioane,IOL,189,0.0378,+2546
HOU,T.J. Parker,EDGE,125,0.025,+3900
HOU,Avieon Terrell,CB,118,0.0236,+4137
HOU,Cashius Howell,EDGE,116,0.0232,+4210
HOU,Jeremiyah Love,RB,98,0.0196,+5002
HOU,Denzel Boston,WR,85,0.017,+5782
HOU,Colton Hood,CB,71,0.0142,+6942
HOU,Chase Bisontis,IOL,64,0.0128,+7712
HOU,Emmanuel Pregnon,IOL,60,0.012,+8233
HOU,C.J. Allen,LB,55,0.011,+8991
HOU,Kevin Concepcion,WR,47,0.0094,+10538
HOU,Kenyon Sadiq,TE,35,0.007,+14186
HOU,Ty Simpson,QB,32,0.0064,+15525
HOU,Jadarian Price,RB,30,0.006,+16567
HOU,Zion Young,EDGE,29,0.0058,+17141
HOU,Chris Johnson,CB,19,0.0038,+26216
HOU,Dillon Thieneman,S,18,0.0036,+27678
HOU,Akheem Mesidor,EDGE,17,0.0034,+29312
HOU,Omar Cooper Jr.,WR,17,0.0034,+29312
HOU,Emmanuel McNeil-Warren,S,16,0.0032,+31150
HOU,Keldric Faulk,EDGE,12,0.0024,+41567
HOU,Sonny Styles,LB,12,0.0024,+41567
HOU,Francis Mauigoa,OT,10,0.002,+49900
HOU,Brandon Cisse,CB,9,0.0018,+55456
HOU,Caleb Downs,S,9,0.0018,+55456
HOU,Makai Lemon,WR,8,0.0016,+62400
HOU,Malachi Lawrence,EDGE,8,0.0016,+62400
HOU,Jacob Rodriguez,LB,7,0.0014,+71329
HOU,Jordyn Tyson,WR,7,0.0014,+71329
HOU,Mansoor Delane,CB,7,0.0014,+71329
HOU,Jermod McCoy,CB,6,0.0012,+83233
HOU,Rueben Bain,EDGE,1,0.0002,+499900
KC,Mansoor Delane,CB,998,0.1996,+401
KC,Avieon Terrell,CB,718,0.1436,+596
KC,Cashius Howell,EDGE,717,0.1434,+597
KC,Spencer Fano,OT,699,0.1398,+615
KC,Jermod McCoy,CB,658,0.1316,+660
KC,T.J. Parker,EDGE,646,0.1292,+674
KC,Caleb Downs,S,580,0.116,+762
KC,Rueben Bain,EDGE,555,0.111,+801
KC,Zion Young,EDGE,487,0.0974,+927
KC,Colton Hood,CB,434,0.0868,+1052
KC,Monroe Freeling,OT,431,0.0862,+1060
KC,Denzel Boston,WR,375,0.075,+1233
KC,Makai Lemon,WR,324,0.0648,+1443
KC,Max Iheanachor,OT,208,0.0416,+2304
KC,Francis Mauigoa,OT,194,0.0388,+2477
KC,Jordyn Tyson,WR,186,0.0372,+2588
KC,Keldric Faulk,EDGE,172,0.0344,+2807
KC,Carnell Tate,WR,150,0.03,+3233
KC,Chris Johnson,CB,147,0.0294,+3301
KC,Dillon Thieneman,S,116,0.0232,+4210
KC,David Bailey,EDGE,107,0.0214,+4573
KC,Kadyn Proctor,OT,107,0.0214,+4573
KC,C.J. Allen,LB,93,0.0186,+5276
KC,Akheem Mesidor,EDGE,86,0.0172,+5714
KC,Kevin Concepcion,WR,82,0.0164,+5998
KC,Sonny Styles,LB,78,0.0156,+6310
KC,Emmanuel McNeil-Warren,S,64,0.0128,+7712
KC,Blake Miller,OT,58,0.0116,+8521
KC,Omar Cooper Jr.,WR,58,0.0116,+8521
KC,Kayden McDonald,DT,57,0.0114,+8672
KC,Malachi Lawrence,EDGE,57,0.0114,+8672
KC,Jeremiyah Love,RB,49,0.0098,+10104
KC,Caleb Lomu,OT,46,0.0092,+10770
KC,Olaivavega Ioane,IOL,44,0.0088,+11264
KC,Peter Woods,DT,41,0.0082,+12095
KC,Kenyon Sadiq,TE,37,0.0074,+13414
KC,Ty Simpson,QB,31,0.0062,+16029
KC,Brandon Cisse,CB,29,0.0058,+17141
KC,Arvell Reese,LB,27,0.0054,+18419
KC,Chase Bisontis,IOL,20,0.004,+24900
KC,Caleb Banks,DT,17,0.0034,+29312
KC,Christen Miller,DT,5,0.001,+99900
KC,Emmanuel Pregnon,IOL,4,0.0008,+124900
KC,Jadarian Price,RB,4,0.0008,+124900
KC,Jacob Rodriguez,LB,3,0.0006,+166567
KC,Cole Payton,QB,1,0.0002,+499900
LAC,T.J. Parker,EDGE,582,0.1164,+759
LAC,Akheem Mesidor,EDGE,572,0.1144,+774
LAC,Kevin Concepcion,WR,454,0.0908,+1001
LAC,Omar Cooper Jr.,WR,435,0.087,+1049
LAC,Emmanuel McNeil-Warren,S,420,0.084,+1090
LAC,Peter Woods,DT,419,0.0838,+1093
LAC,Keldric Faulk,EDGE,404,0.0808,+1138
LAC,Denzel Boston,WR,297,0.0594,+1584
LAC,Cashius Howell,EDGE,218,0.0436,+2194
LAC,Olaivavega Ioane,IOL,184,0.0368,+2617
LAC,Kayden McDonald,DT,182,0.0364,+2647
LAC,Blake Miller,OT,111,0.0222,+4405
LAC,Dillon Thieneman,S,76,0.0152,+6479
LAC,Caleb Lomu,OT,73,0.0146,+6749
LAC,Caleb Downs,S,70,0.014,+7043
LAC,Rueben Bain,EDGE,56,0.0112,+8829
LAC,Avieon Terrell,CB,52,0.0104,+9515
LAC,Jordyn Tyson,WR,50,0.01,+9900
LAC,Zion Young,EDGE,45,0.009,+11011
LAC,Makai Lemon,WR,42,0.0084,+11805
LAC,Caleb Banks,DT,39,0.0078,+12721
LAC,Jeremiyah Love,RB,38,0.0076,+13058
LAC,Monroe Freeling,OT,34,0.0068,+14606
LAC,Spencer Fano,OT,31,0.0062,+16029
LAC,Kadyn Proctor,OT,19,0.0038,+26216
LAC,Carnell Tate,WR,18,0.0036,+27678
LAC,Sonny Styles,LB,17,0.0034,+29312
LAC,Kenyon Sadiq,TE,13,0.0026,+38362
LAC,Francis Mauigoa,OT,11,0.0022,+45355
LAC,Ty Simpson,QB,8,0.0016,+62400
LAC,Chris Johnson,CB,7,0.0014,+71329
LAC,Colton Hood,CB,6,0.0012,+83233
LAC,Jermod McCoy,CB,5,0.001,+99900
LAC,Max Iheanachor,OT,5,0.001,+99900
LAC,C.J. Allen,LB,4,0.0008,+124900
LAC,Mansoor Delane,CB,3,0.0006,+166567
LAR,Jordyn Tyson,WR,1101,0.2202,+354
LAR,Spencer Fano,OT,819,0.1638,+511
LAR,Monroe Freeling,OT,790,0.158,+533
LAR,Makai Lemon,WR,750,0.15,+567
LAR,Kadyn Proctor,OT,288,0.0576,+1636
LAR,Francis Mauigoa,OT,265,0.053,+1787
LAR,Omar Cooper Jr.,WR,188,0.0376,+2560
LAR,Sonny Styles,LB,135,0.027,+3604
LAR,Blake Miller,OT,70,0.014,+7043
LAR,Jeremiyah Love,RB,68,0.0136,+7253
LAR,Olaivavega Ioane,IOL,68,0.0136,+7253
LAR,Jermod McCoy,CB,65,0.013,+7592
LAR,Kenyon Sadiq,TE,65,0.013,+7592
LAR,Carnell Tate,WR,60,0.012,+8233
LAR,Kevin Concepcion,WR,56,0.0112,+8829
LAR,Dillon Thieneman,S,55,0.011,+8991
LAR,Akheem Mesidor,EDGE,46,0.0092,+10770
LAR,Caleb Lomu,OT,32,0.0064,+15525
LAR,Keldric Faulk,EDGE,30,0.006,+16567
LAR,Caleb Downs,S,12,0.0024,+41567
LAR,Mansoor Delane,CB,11,0.0022,+45355
LAR,Arvell Reese,LB,9,0.0018,+55456
LAR,Emmanuel McNeil-Warren,S,7,0.0014,+71329
LAR,Rueben Bain,EDGE,5,0.001,+99900
LAR,David Bailey,EDGE,4,0.0008,+124900
LAR,Ty Simpson,QB,1,0.0002,+499900
LV,Fernando Mendoza,QB,5000,1.0,-inf
MIA,Makai Lemon,WR,884,0.1768,+466
MIA,Colton Hood,CB,850,0.17,+488
MIA,Jermod McCoy,CB,767,0.1534,+552
MIA,Jordyn Tyson,WR,729,0.1458,+586
MIA,Olaivavega Ioane,IOL,713,0.1426,+601
MIA,Mansoor Delane,CB,657,0.1314,+661
MIA,Cashius Howell,EDGE,612,0.1224,+717
MIA,Denzel Boston,WR,450,0.09,+1011
MIA,T.J. Parker,EDGE,346,0.0692,+1345
MIA,Kenyon Sadiq,TE,343,0.0686,+1358
MIA,Zion Young,EDGE,288,0.0576,+1636
MIA,Caleb Downs,S,267,0.0534,+1773
MIA,Avieon Terrell,CB,263,0.0526,+1801
MIA,Dillon Thieneman,S,239,0.0478,+1992
MIA,Omar Cooper Jr.,WR,230,0.046,+2074
MIA,Chase Bisontis,IOL,216,0.0432,+2215
MIA,Chris Johnson,CB,210,0.042,+2281
MIA,Emmanuel Pregnon,IOL,201,0.0402,+2388
MIA,Keldric Faulk,EDGE,136,0.0272,+3576
MIA,Akheem Mesidor,EDGE,132,0.0264,+3688
MIA,Spencer Fano,OT,120,0.024,+4067
MIA,Rueben Bain,EDGE,117,0.0234,+4174
MIA,C.J. Allen,LB,116,0.0232,+4210
MIA,Monroe Freeling,OT,112,0.0224,+4364
MIA,Kayden McDonald,DT,104,0.0208,+4708
MIA,Emmanuel McNeil-Warren,S,90,0.018,+5456
MIA,Kevin Concepcion,WR,78,0.0156,+6310
MIA,Carnell Tate,WR,73,0.0146,+6749
MIA,Jeremiyah Love,RB,69,0.0138,+7146
MIA,David Bailey,EDGE,64,0.0128,+7712
MIA,Brandon Cisse,CB,63,0.0126,+7837
MIA,Max Iheanachor,OT,59,0.0118,+8375
MIA,Caleb Banks,DT,54,0.0108,+9159
MIA,Kadyn Proctor,OT,51,0.0102,+9704
MIA,Francis Mauigoa,OT,39,0.0078,+12721
MIA,Ty Simpson,QB,39,0.0078,+12721
MIA,Malachi Lawrence,EDGE,38,0.0076,+13058
MIA,R Mason Thomas,EDGE,38,0.0076,+13058
MIA,Peter Woods,DT,37,0.0074,+13414
MIA,Sonny Styles,LB,33,0.0066,+15052
MIA,Blake Miller,OT,23,0.0046,+21639
MIA,Caleb Lomu,OT,15,0.003,+33233
MIA,Arvell Reese,LB,11,0.0022,+45355
MIA,Christen Miller,DT,8,0.0016,+62400
MIA,Jadarian Price,RB,8,0.0016,+62400
MIA,Jacob Rodriguez,LB,7,0.0014,+71329
MIA,Garrett Nussmeier,QB,1,0.0002,+499900
MIN,Dillon Thieneman,S,1714,0.3428,+192
MIN,Emmanuel McNeil-Warren,S,1284,0.2568,+289
MIN,Jeremiyah Love,RB,390,0.078,+1182
MIN,Caleb Downs,S,226,0.0452,+2112
MIN,Avieon Terrell,CB,212,0.0424,+2258
MIN,Peter Woods,DT,175,0.035,+2757
MIN,Kenyon Sadiq,TE,102,0.0204,+4802
MIN,Jermod McCoy,CB,96,0.0192,+5108
MIN,Keldric Faulk,EDGE,88,0.0176,+5582
MIN,Kadyn Proctor,OT,87,0.0174,+5647
MIN,Mansoor Delane,CB,71,0.0142,+6942
MIN,Akheem Mesidor,EDGE,69,0.0138,+7146
MIN,Omar Cooper Jr.,WR,60,0.012,+8233
MIN,Kevin Concepcion,WR,58,0.0116,+8521
MIN,Kayden McDonald,DT,52,0.0104,+9515
MIN,Olaivavega Ioane,IOL,51,0.0102,+9704
MIN,Blake Miller,OT,47,0.0094,+10538
MIN,Caleb Lomu,OT,45,0.009,+11011
MIN,Monroe Freeling,OT,39,0.0078,+12721
MIN,Spencer Fano,OT,31,0.0062,+16029
MIN,Sonny Styles,LB,27,0.0054,+18419
MIN,Francis Mauigoa,OT,21,0.0042,+23710
MIN,T.J. Parker,EDGE,15,0.003,+33233
MIN,Carnell Tate,WR,10,0.002,+49900
MIN,Rueben Bain,EDGE,10,0.002,+49900
MIN,Makai Lemon,WR,9,0.0018,+55456
MIN,Jordyn Tyson,WR,6,0.0012,+83233
MIN,Denzel Boston,WR,3,0.0006,+166567
MIN,Arvell Reese,LB,1,0.0002,+499900
MIN,Ty Simpson,QB,1,0.0002,+499900
NE,Cashius Howell,EDGE,759,0.1518,+559
NE,Zion Young,EDGE,598,0.1196,+736
NE,Max Iheanachor,OT,517,0.1034,+867
NE,T.J. Parker,EDGE,440,0.088,+1036
NE,Kayden McDonald,DT,414,0.0828,+1108
NE,Caleb Banks,DT,346,0.0692,+1345
NE,Denzel Boston,WR,274,0.0548,+1725
NE,C.J. Allen,LB,171,0.0342,+2824
NE,Kenyon Sadiq,TE,140,0.028,+3471
NE,Blake Miller,OT,105,0.021,+4662
NE,Peter Woods,DT,105,0.021,+4662
NE,Akheem Mesidor,EDGE,84,0.0168,+5852
NE,Keldric Faulk,EDGE,81,0.0162,+6073
NE,Malachi Lawrence,EDGE,73,0.0146,+6749
NE,R Mason Thomas,EDGE,73,0.0146,+6749
NE,Caleb Lomu,OT,70,0.014,+7043
NE,Colton Hood,CB,67,0.0134,+7363
NE,Monroe Freeling,OT,65,0.013,+7592
NE,Kadyn Proctor,OT,64,0.0128,+7712
NE,Spencer Fano,OT,60,0.012,+8233
NE,Chris Johnson,CB,57,0.0114,+8672
NE,Omar Cooper Jr.,WR,55,0.011,+8991
NE,Kevin Concepcion,WR,51,0.0102,+9704
NE,Ty Simpson,QB,50,0.01,+9900
NE,Christen Miller,DT,39,0.0078,+12721
NE,Chase Bisontis,IOL,26,0.0052,+19131
NE,Avieon Terrell,CB,24,0.0048,+20733
NE,Brandon Cisse,CB,21,0.0042,+23710
NE,Makai Lemon,WR,21,0.0042,+23710
NE,Sonny Styles,LB,20,0.004,+24900
NE,Emmanuel McNeil-Warren,S,17,0.0034,+29312
NE,Emmanuel Pregnon,IOL,17,0.0034,+29312
NE,Jordyn Tyson,WR,17,0.0034,+29312
NE,Jacob Rodriguez,LB,14,0.0028,+35614
NE,Anthony Hill Jr.,LB,13,0.0026,+38362
NE,Jeremiyah Love,RB,11,0.0022,+45355
NE,Dillon Thieneman,S,10,0.002,+49900
NE,Jadarian Price,RB,7,0.0014,+71329
NE,Olaivavega Ioane,IOL,7,0.0014,+71329
NE,Caleb Downs,S,5,0.001,+99900
NE,Jermod McCoy,CB,5,0.001,+99900
NE,Rueben Bain,EDGE,4,0.0008,+124900
NE,Francis Mauigoa,OT,2,0.0004,+249900
NE,Mansoor Delane,CB,1,0.0002,+499900
NO,Mansoor Delane,CB,1510,0.302,+231
NO,Rueben Bain,EDGE,890,0.178,+462
NO,Makai Lemon,WR,573,0.1146,+773
NO,Carnell Tate,WR,407,0.0814,+1129
NO,Jermod McCoy,CB,389,0.0778,+1185
NO,Jordyn Tyson,WR,351,0.0702,+1325
NO,David Bailey,EDGE,194,0.0388,+2477
NO,Sonny Styles,LB,189,0.0378,+2546
NO,Caleb Downs,S,106,0.0212,+4617
NO,Jeremiyah Love,RB,93,0.0186,+5276
NO,Monroe Freeling,OT,80,0.016,+6150
NO,Spencer Fano,OT,63,0.0126,+7837
NO,Arvell Reese,LB,53,0.0106,+9334
NO,Francis Mauigoa,OT,52,0.0104,+9515
NO,Olaivavega Ioane,IOL,29,0.0058,+17141
NO,Kadyn Proctor,OT,12,0.0024,+41567
NO,Kenyon Sadiq,TE,5,0.001,+99900
NO,Dillon Thieneman,S,4,0.0008,+124900
NYG,Carnell Tate,WR,1035,0.207,+383
NYG,Sonny Styles,LB,838,0.1676,+497
NYG,Francis Mauigoa,OT,730,0.146,+585
NYG,Caleb Downs,S,686,0.1372,+629
NYG,Jeremiyah Love,RB,654,0.1308,+665
NYG,Arvell Reese,LB,403,0.0806,+1141
NYG,Makai Lemon,WR,201,0.0402,+2388
NYG,Spencer Fano,OT,140,0.028,+3471
NYG,Monroe Freeling,OT,123,0.0246,+3965
NYG,David Bailey,EDGE,83,0.0166,+5924
NYG,Rueben Bain,EDGE,57,0.0114,+8672
NYG,Mansoor Delane,CB,44,0.0088,+11264
NYG,Jermod McCoy,CB,6,0.0012,+83233
NYJ,Arvell Reese,LB,2170,0.434,+130
NYJ,David Bailey,EDGE,1871,0.3742,+167
NYJ,Akheem Mesidor,EDGE,655,0.131,+663
NYJ,Omar Cooper Jr.,WR,600,0.12,+733
NYJ,Keldric Faulk,EDGE,525,0.105,+852
NYJ,Jordyn Tyson,WR,495,0.099,+910
NYJ,Sonny Styles,LB,492,0.0984,+916
NYJ,Olaivavega Ioane,IOL,470,0.094,+964
NYJ,Carnell Tate,WR,380,0.076,+1216
NYJ,Kevin Concepcion,WR,294,0.0588,+1601
NYJ,Rueben Bain,EDGE,255,0.051,+1861
NYJ,Jermod McCoy,CB,235,0.047,+2028
NYJ,Jeremiyah Love,RB,187,0.0374,+2574
NYJ,Makai Lemon,WR,161,0.0322,+3006
NYJ,Kadyn Proctor,OT,141,0.0282,+3446
NYJ,Dillon Thieneman,S,132,0.0264,+3688
NYJ,Kenyon Sadiq,TE,128,0.0256,+3806
NYJ,Avieon Terrell,CB,127,0.0254,+3837
NYJ,Ty Simpson,QB,123,0.0246,+3965
NYJ,Francis Mauigoa,OT,114,0.0228,+4286
NYJ,Mansoor Delane,CB,92,0.0184,+5335
NYJ,Blake Miller,OT,74,0.0148,+6657
NYJ,Spencer Fano,OT,63,0.0126,+7837
NYJ,Emmanuel McNeil-Warren,S,51,0.0102,+9704
NYJ,T.J. Parker,EDGE,42,0.0084,+11805
NYJ,Monroe Freeling,OT,41,0.0082,+12095
NYJ,Caleb Downs,S,39,0.0078,+12721
NYJ,Caleb Lomu,OT,27,0.0054,+18419
NYJ,Garrett Nussmeier,QB,8,0.0016,+62400
NYJ,Drew Allar,QB,6,0.0012,+83233
NYJ,Peter Woods,DT,2,0.0004,+249900
PHI,Blake Miller,OT,756,0.1512,+561
PHI,Caleb Lomu,OT,719,0.1438,+595
PHI,Kevin Concepcion,WR,460,0.092,+987
PHI,Omar Cooper Jr.,WR,460,0.092,+987
PHI,T.J. Parker,EDGE,353,0.0706,+1316
PHI,Denzel Boston,WR,341,0.0682,+1366
PHI,Akheem Mesidor,EDGE,267,0.0534,+1773
PHI,Emmanuel McNeil-Warren,S,261,0.0522,+1816
PHI,Monroe Freeling,OT,218,0.0436,+2194
PHI,Spencer Fano,OT,186,0.0372,+2588
PHI,Cashius Howell,EDGE,123,0.0246,+3965
PHI,Kadyn Proctor,OT,119,0.0238,+4102
PHI,Keldric Faulk,EDGE,102,0.0204,+4802
PHI,Jordyn Tyson,WR,64,0.0128,+7712
PHI,Kenyon Sadiq,TE,64,0.0128,+7712
PHI,Dillon Thieneman,S,61,0.0122,+8097
PHI,Makai Lemon,WR,53,0.0106,+9334
PHI,Francis Mauigoa,OT,51,0.0102,+9704
PHI,Avieon Terrell,CB,48,0.0096,+10317
PHI,Peter Woods,DT,46,0.0092,+10770
PHI,Caleb Downs,S,42,0.0084,+11805
PHI,Rueben Bain,EDGE,35,0.007,+14186
PHI,Zion Young,EDGE,35,0.007,+14186
PHI,Max Iheanachor,OT,32,0.0064,+15525
PHI,Kayden McDonald,DT,21,0.0042,+23710
PHI,Jeremiyah Love,RB,18,0.0036,+27678
PHI,Olaivavega Ioane,IOL,15,0.003,+33233
PHI,Sonny Styles,LB,15,0.003,+33233
PHI,C.J. Allen,LB,10,0.002,+49900
PHI,Carnell Tate,WR,8,0.0016,+62400
PHI,Colton Hood,CB,6,0.0012,+83233
PHI,Ty Simpson,QB,4,0.0008,+124900
PHI,Chris Johnson,CB,3,0.0006,+166567
PHI,Jermod McCoy,CB,2,0.0004,+249900
PHI,Caleb Banks,DT,1,0.0002,+499900
PHI,Mansoor Delane,CB,1,0.0002,+499900
PIT,Caleb Lomu,OT,759,0.1518,+559
PIT,Kadyn Proctor,OT,713,0.1426,+601
PIT,Blake Miller,OT,707,0.1414,+607
PIT,Omar Cooper Jr.,WR,435,0.087,+1049
PIT,Avieon Terrell,CB,350,0.07,+1329
PIT,Kevin Concepcion,WR,349,0.0698,+1333
PIT,Spencer Fano,OT,273,0.0546,+1732
PIT,Monroe Freeling,OT,265,0.053,+1787
PIT,Jeremiyah Love,RB,191,0.0382,+2518
PIT,Francis Mauigoa,OT,114,0.0228,+4286
PIT,Denzel Boston,WR,100,0.02,+4900
PIT,Ty Simpson,QB,94,0.0188,+5219
PIT,Olaivavega Ioane,IOL,85,0.017,+5782
PIT,Colton Hood,CB,53,0.0106,+9334
PIT,Emmanuel McNeil-Warren,S,53,0.0106,+9334
PIT,Jermod McCoy,CB,51,0.0102,+9704
PIT,Akheem Mesidor,EDGE,49,0.0098,+10104
PIT,Max Iheanachor,OT,49,0.0098,+10104
PIT,Keldric Faulk,EDGE,39,0.0078,+12721
PIT,Jordyn Tyson,WR,36,0.0072,+13789
PIT,Makai Lemon,WR,32,0.0064,+15525
PIT,T.J. Parker,EDGE,29,0.0058,+17141
PIT,Mansoor Delane,CB,28,0.0056,+17757
PIT,Peter Woods,DT,24,0.0048,+20733
PIT,Cashius Howell,EDGE,17,0.0034,+29312
PIT,Kayden McDonald,DT,17,0.0034,+29312
PIT,Carnell Tate,WR,14,0.0028,+35614
PIT,Kenyon Sadiq,TE,12,0.0024,+41567
PIT,Caleb Downs,S,11,0.0022,+45355
PIT,Dillon Thieneman,S,10,0.002,+49900
PIT,Sonny Styles,LB,10,0.002,+49900
PIT,Garrett Nussmeier,QB,7,0.0014,+71329
PIT,Caleb Banks,DT,6,0.0012,+83233
PIT,Rueben Bain,EDGE,6,0.0012,+83233
PIT,Zion Young,EDGE,4,0.0008,+124900
PIT,C.J. Allen,LB,3,0.0006,+166567
PIT,Drew Allar,QB,3,0.0006,+166567
PIT,Cole Payton,QB,2,0.0004,+249900
SEA,Colton Hood,CB,839,0.1678,+496
SEA,Zion Young,EDGE,790,0.158,+533
SEA,Chris Johnson,CB,659,0.1318,+659
SEA,Cashius Howell,EDGE,507,0.1014,+886
SEA,Malachi Lawrence,EDGE,272,0.0544,+1738
SEA,Chase Bisontis,IOL,271,0.0542,+1745
SEA,Brandon Cisse,CB,265,0.053,+1787
SEA,Avieon Terrell,CB,242,0.0484,+1966
SEA,T.J. Parker,EDGE,129,0.0258,+3776
SEA,C.J. Allen,LB,116,0.0232,+4210
SEA,Emmanuel Pregnon,IOL,90,0.018,+5456
SEA,Akheem Mesidor,EDGE,83,0.0166,+5924
SEA,Max Iheanachor,OT,80,0.016,+6150
SEA,Kayden McDonald,DT,69,0.0138,+7146
SEA,R Mason Thomas,EDGE,69,0.0138,+7146
SEA,Denzel Boston,WR,58,0.0116,+8521
SEA,Caleb Banks,DT,52,0.0104,+9515
SEA,Keldric Faulk,EDGE,51,0.0102,+9704
SEA,Olaivavega Ioane,IOL,48,0.0096,+10317
SEA,Jermod McCoy,CB,38,0.0076,+13058
SEA,Jadarian Price,RB,35,0.007,+14186
SEA,Jeremiyah Love,RB,33,0.0066,+15052
SEA,Ty Simpson,QB,33,0.0066,+15052
SEA,Blake Miller,OT,16,0.0032,+31150
SEA,Kevin Concepcion,WR,15,0.003,+33233
SEA,Dillon Thieneman,S,14,0.0028,+35614
SEA,Kenyon Sadiq,TE,14,0.0028,+35614
SEA,Spencer Fano,OT,11,0.0022,+45355
SEA,Peter Woods,DT,10,0.002,+49900
SEA,Emmanuel McNeil-Warren,S,9,0.0018,+55456
SEA,Mansoor Delane,CB,9,0.0018,+55456
SEA,Monroe Freeling,OT,9,0.0018,+55456
SEA,Omar Cooper Jr.,WR,9,0.0018,+55456
SEA,Caleb Lomu,OT,8,0.0016,+62400
SEA,Kadyn Proctor,OT,8,0.0016,+62400
SEA,Rueben Bain,EDGE,7,0.0014,+71329
SEA,Jacob Rodriguez,LB,6,0.0012,+83233
SEA,Sonny Styles,LB,5,0.001,+99900
SEA,Caleb Downs,S,4,0.0008,+124900
SEA,Lee Hunter,DT,4,0.0008,+124900
SEA,Makai Lemon,WR,4,0.0008,+124900
SEA,Anthony Hill Jr.,LB,3,0.0006,+166567
SEA,Christen Miller,DT,3,0.0006,+166567
SEA,Jordyn Tyson,WR,2,0.0004,+249900
SEA,Drew Allar,QB,1,0.0002,+499900
SF,Denzel Boston,WR,638,0.1276,+684
SF,Caleb Lomu,OT,495,0.099,+910
SF,T.J. Parker,EDGE,470,0.094,+964
SF,Kevin Concepcion,WR,439,0.0878,+1039
SF,Cashius Howell,EDGE,385,0.077,+1199
SF,Blake Miller,OT,315,0.063,+1487
SF,Max Iheanachor,OT,241,0.0482,+1975
SF,Spencer Fano,OT,226,0.0452,+2112
SF,Avieon Terrell,CB,206,0.0412,+2327
SF,Kadyn Proctor,OT,164,0.0328,+2949
SF,Monroe Freeling,OT,150,0.03,+3233
SF,Olaivavega Ioane,IOL,130,0.026,+3746
SF,Omar Cooper Jr.,WR,108,0.0216,+4530
SF,Zion Young,EDGE,103,0.0206,+4754
SF,Colton Hood,CB,101,0.0202,+4850
SF,Peter Woods,DT,68,0.0136,+7253
SF,Dillon Thieneman,S,66,0.0132,+7476
SF,Emmanuel McNeil-Warren,S,64,0.0128,+7712
SF,Chase Bisontis,IOL,61,0.0122,+8097
SF,Kayden McDonald,DT,60,0.012,+8233
SF,Jordyn Tyson,WR,55,0.011,+8991
SF,Makai Lemon,WR,47,0.0094,+10538
SF,C.J. Allen,LB,46,0.0092,+10770
SF,Keldric Faulk,EDGE,44,0.0088,+11264
SF,Akheem Mesidor,EDGE,42,0.0084,+11805
SF,Emmanuel Pregnon,IOL,42,0.0084,+11805
SF,Jeremiyah Love,RB,36,0.0072,+13789
SF,Caleb Downs,S,30,0.006,+16567
SF,Malachi Lawrence,EDGE,29,0.0058,+17141
SF,Francis Mauigoa,OT,19,0.0038,+26216
SF,Kenyon Sadiq,TE,19,0.0038,+26216
SF,Caleb Banks,DT,14,0.0028,+35614
SF,Sonny Styles,LB,14,0.0028,+35614
SF,Brandon Cisse,CB,13,0.0026,+38362
SF,Rueben Bain,EDGE,13,0.0026,+38362
SF,Ty Simpson,QB,13,0.0026,+38362
SF,Jermod McCoy,CB,11,0.0022,+45355
SF,Mansoor Delane,CB,11,0.0022,+45355
SF,Chris Johnson,CB,6,0.0012,+83233
SF,Carnell Tate,WR,4,0.0008,+124900
SF,Jacob Rodriguez,LB,2,0.0004,+249900
TB,Keldric Faulk,EDGE,1380,0.276,+262
TB,Kenyon Sadiq,TE,1057,0.2114,+373
TB,Akheem Mesidor,EDGE,826,0.1652,+505
TB,Jermod McCoy,CB,456,0.0912,+996
TB,Olaivavega Ioane,IOL,375,0.075,+1233
TB,Rueben Bain,EDGE,161,0.0322,+3006
TB,Kadyn Proctor,OT,101,0.0202,+4850
TB,Jeremiyah Love,RB,84,0.0168,+5852
TB,Mansoor Delane,CB,70,0.014,+7043
TB,Dillon Thieneman,S,64,0.0128,+7712
TB,Monroe Freeling,OT,53,0.0106,+9334
TB,Jordyn Tyson,WR,44,0.0088,+11264
TB,Sonny Styles,LB,42,0.0084,+11805
TB,Avieon Terrell,CB,35,0.007,+14186
TB,Francis Mauigoa,OT,35,0.007,+14186
TB,Makai Lemon,WR,33,0.0066,+15052
TB,Omar Cooper Jr.,WR,33,0.0066,+15052
TB,David Bailey,EDGE,31,0.0062,+16029
TB,Spencer Fano,OT,26,0.0052,+19131
TB,Blake Miller,OT,23,0.0046,+21639
TB,Caleb Lomu,OT,21,0.0042,+23710
TB,Emmanuel McNeil-Warren,S,20,0.004,+24900
TB,Kevin Concepcion,WR,14,0.0028,+35614
TB,Caleb Downs,S,10,0.002,+49900
TB,Carnell Tate,WR,4,0.0008,+124900
TB,Arvell Reese,LB,1,0.0002,+499900
TB,Peter Woods,DT,1,0.0002,+499900
TEN,Jeremiyah Love,RB,1529,0.3058,+227
TEN,David Bailey,EDGE,991,0.1982,+405
TEN,Carnell Tate,WR,669,0.1338,+647
TEN,Arvell Reese,LB,592,0.1184,+745
TEN,Rueben Bain,EDGE,583,0.1166,+758
TEN,Sonny Styles,LB,369,0.0738,+1255
TEN,Francis Mauigoa,OT,108,0.0216,+4530
TEN,Makai Lemon,WR,62,0.0124,+7965
TEN,Caleb Downs,S,41,0.0082,+12095
TEN,Mansoor Delane,CB,24,0.0048,+20733
TEN,Monroe Freeling,OT,16,0.0032,+31150
TEN,Spencer Fano,OT,16,0.0032,+31150
WAS,Rueben Bain,EDGE,1381,0.2762,+262
WAS,Sonny Styles,LB,637,0.1274,+685
WAS,Carnell Tate,WR,558,0.1116,+796
WAS,Caleb Downs,S,492,0.0984,+916
WAS,Jeremiyah Love,RB,389,0.0778,+1185
WAS,Makai Lemon,WR,328,0.0656,+1424
WAS,Jordyn Tyson,WR,320,0.064,+1462
WAS,David Bailey,EDGE,302,0.0604,+1556
WAS,Arvell Reese,LB,156,0.0312,+3105
WAS,Francis Mauigoa,OT,127,0.0254,+3837
WAS,Mansoor Delane,CB,117,0.0234,+4174
WAS,Spencer Fano,OT,55,0.011,+8991
WAS,Monroe Freeling,OT,46,0.0092,+10770
WAS,Jermod McCoy,CB,45,0.009,+11011
WAS,Dillon Thieneman,S,37,0.0074,+13414
WAS,Kenyon Sadiq,TE,6,0.0012,+83233
WAS,Olaivavega Ioane,IOL,4,0.0008,+124900
