Player (413),Pos,Age,YOE,Prev Team,Prev AAV,Type,Market ValueAAV
,,,,,,,
Kirk Cousins,QB,37.5,14,ATL,"$45,000,000",UFA,"$10,717,405"
Tyreek Hill,WR,32,10,MIA,"$30,000,000",UFA,"$15,072,087"
Stefon Diggs,WR,32.2,11,NE,"$21,166,667",UFA,"$13,823,010"
Jawaan Taylor,RT,28.2,7,KC,"$20,000,000",UFA,"$14,997,788"
Taylor Decker,LT,32.5,10,DET,"$20,000,000",UFA,"$21,326,582"
Marshon Lattimore,CB,29.8,8,WAS,"$19,520,600",UFA,"$8,474,382"
Trevon Diggs,CB,28.4,5,GB,"$19,400,000",UFA,"$7,536,772"
L'Jarius Sneed,CB,29.1,5,TEN,"$19,100,000",UFA,
Christian Kirk,WR,29.2,8,HOU,"$18,000,000",UFA,"$5,369,564"
Deebo Samuel,WR,30.2,7,WAS,"$17,545,529",UFA,"$15,774,062"
Jonah Williams,RT,28.2,7,ARI,"$15,000,000",UFA,"$10,335,676"
Jack Conklin,RT,31.5,10,CLE,"$15,000,000",UFA,
Joel Bitonio,G,34.4,12,CLE,"$15,000,000",UFA,"$12,905,800"
Kyle Dugger,S,29.9,6,PIT,"$14,500,000",UFA,"$5,948,334"
Wyatt Teller,G,31.2,7,CLE,"$14,200,000",UFA,"$10,170,762"
Haason Reddick,ED,31.4,8,TB,"$14,000,000",UFA,"$4,940,806"
David Njoku,TE,29.7,8,CLE,"$13,687,500",UFA,"$9,991,300"
Aaron Rodgers,QB,42.2,21,PIT,"$13,650,000",UFA,"$10,569,536"
Joey Bosa,ED,30.7,10,BUF,"$12,610,000",UFA,"$13,738,744"
Lloyd Cushenberry,C,28.2,6,TEN,"$12,500,000",UFA,"$7,143,444"
Jonnu Smith,TE,30.5,9,PIT,"$12,010,000",UFA,"$7,302,754"
Cam Robinson,LT,30.4,9,CLE,"$12,000,000",UFA,"$13,133,116"
David Onyemata,DL,33.3,10,ATL,"$11,666,667",UFA,"$8,578,738"
D.J. Reader,DL,31.7,10,DET,"$11,000,000",UFA,"$3,868,313"
Jimmie Ward,FS,34.6,11,HOU,"$10,508,000",UFA,"$1,428,982"
Russell Wilson,QB,37.2,14,NYG,"$10,500,000",UFA,"$5,714,249"
Leonard Floyd,ED,33.5,10,ATL,"$10,000,000",UFA,"$8,902,688"
Denico Autry,ED,35.7,12,HOU,"$10,000,000",UFA,"$2,821,298"
Bobby Okereke,LB,29.6,7,NYG,"$10,000,000",UFA,"$12,126,996"
Taysom Hill,TE,35.5,9,NO,"$10,000,000",UFA,"$2,142,389"
Mekhi Becton,G,26.8,6,LAC,"$10,000,000",UFA,"$13,498,989"
Yetur Gross-Matos,ED,28,6,SF,"$9,000,000",UFA,"$3,502,468"
Bobby Wagner,LB,35.7,14,WAS,"$9,000,000",UFA,"$7,684,822"
Lavonte David,LB,36.1,14,TB,"$9,000,000",UFA,"$7,430,840"
Logan Wilson,LB,29.7,6,DAL,"$9,000,000",UFA,"$2,525,639"
Kevin Zeitler,G,36,14,TEN,"$9,000,000",UFA,"$9,209,008"
Joe Mixon,RB,29.6,9,HOU,"$8,500,000",UFA,"$3,247,005"
Michael Danna,ED,28.2,6,KC,"$8,000,000",UFA,"$4,907,527"
DaQuan Jones,DL,34.2,12,BUF,"$8,000,000",UFA,"$1,783,992"
Curtis Samuel,WR,29.6,9,BUF,"$8,000,000",UFA,"$1,798,908"
James Daniels,G,28.5,8,MIA,"$8,000,000",UFA,"$6,780,135"
Kenneth Murray,LB,27.3,6,DAL,"$7,750,000",UFA,"$4,922,042"
Bilal Nichols,ED,29.5,8,ARI,"$7,000,000",UFA,"$1,065,992"
Donovan Wilson,S,29,8,DAL,"$7,000,000",UFA,"$6,942,556"
Marquise Brown,WR,28.8,7,KC,"$7,000,000",UFA,"$5,521,415"
Larry Ogunjobi,DL,31.8,9,BUF,"$6,696,735",UFA,"$5,032,625"
Graham Glasgow,C,33.5,10,DET,"$6,666,667",UFA,"$5,883,787"
Matt Milano,LB,30.9,9,BUF,"$6,306,500",UFA,"$4,598,821"
D.J. Wonnum,ED,28.3,6,CAR,"$6,250,000",UFA,"$5,694,000"
Zach Ertz,TE,35.3,13,WAS,"$6,250,000",UFA,"$2,231,951"
Von Miller,ED,36.9,15,WAS,"$6,100,000",UFA,"$5,842,864"
Cameron Jordan,ED,36.7,15,NO,"$6,050,000",UFA,"$6,760,982"
Tyquan Lewis,ED,31.1,8,IND,"$6,000,000",UFA,"$2,835,282"
Dante Fowler Jr.,ED,31.6,11,DAL,"$6,000,000",UFA,"$5,139,206"
A.J. Epenesa,ED,27.5,6,BUF,"$6,000,000",UFA,"$6,439,039"
James Hudson,LT,26.8,5,NYG,"$6,000,000",UFA,"$1,201,130"
Zach Wilson,QB,26.6,5,MIA,"$6,000,000",UFA,"$1,626,365"
Tyrod Taylor,QB,36.6,15,NYJ,"$6,000,000",UFA,"$3,955,446"
Ethan Pocic,C,30.6,9,CLE,"$6,000,000",UFA,"$10,597,819"
Jauan Jennings,WR,28.7,5,SF,"$5,945,000",UFA,"$22,614,441"
Alex Cappa,G,31.1,8,LV,"$5,510,000",UFA,"$2,434,063"
Calais Campbell,DL,39.5,18,ARI,"$5,500,000",UFA,"$10,932,760"
Jahlani Tavai,ED,29.4,7,NE,"$5,333,333",UFA,"$2,044,691"
Najee Harris,RB,28,5,LAC,"$5,250,000",UFA,"$2,947,106"
Harrison Smith,S,37.1,14,MIN,"$5,125,000",UFA,"$10,750,535"
Akeem Davis-Gaither,LB,28.4,6,ARI,"$5,000,000",UFA,"$4,990,866"
DeAndre Hopkins,WR,33.8,13,BAL,"$5,000,000",UFA,"$1,487,710"
Joe Tryon,ED,26.8,5,CHI,"$4,755,000",UFA,"$2,466,695"
Mario Edwards,DL,32.1,11,HOU,"$4,750,000",UFA,"$2,262,710"
Will Dissly,TE,29.7,8,LAC,"$4,666,667",UFA,"$5,585,894"
Daniel Carlson,K,31.1,8,LV,"$4,600,000",UFA,"$1,231,971"
Kyle Van Noy,ED,34.9,12,BAL,"$4,500,000",UFA,"$3,505,400"
Shelby Harris,DL,34.6,10,CLE,"$4,500,000",UFA,"$2,920,436"
Joe Flacco,QB,41.2,18,CIN,"$4,250,000",UFA,"$5,596,231"
Ryan Bates,C,29.1,7,CHI,"$4,250,000",UFA,"$1,227,766"
Austin Ekeler,RB,30.8,9,WAS,"$4,215,000",UFA,"$2,871,871"
Derek Barnett,ED,29.7,9,HOU,"$4,000,000",UFA,"$4,405,636"
Anfernee Jennings,ED,28.8,6,NE,"$4,000,000",UFA,"$6,394,370"
Andrew Billings,DL,31,10,CHI,"$4,000,000",UFA,"$2,511,816"
Rakeem Nunez-Roches,DL,32.7,11,NYG,"$4,000,000",UFA,"$4,739,923"
Kelvin Beachum,LT,36.8,14,ARI,"$4,000,000",UFA,"$1,948,556"
Xavier Woods,S,30.6,9,TEN,"$4,000,000",UFA,"$4,894,991"
Yosh Nijman,T,30.1,6,CAR,"$4,000,000",UFA,"$1,038,624"
Antonio Gibson,RB,27.7,6,NE,"$3,750,000",UFA,"$1,145,593"
Robert Jones,G,27.1,5,DAL,"$3,750,000",UFA,"$2,519,810"
Taylor Rapp,S,28.2,7,BUF,"$3,541,667",UFA,"$1,224,031"
Trevor Penning,G,26.8,4,LAC,"$3,535,829",UFA,"$9,872,951"
Greg Gaines,DL,28.8,7,TB,"$3,500,000",UFA,"$2,048,217"
Jadeveon Clowney,ED,33.1,12,DAL,"$3,450,000",UFA,"$5,711,599"
Greg Dortch,WR,27.8,5,ARI,"$3,263,000",UFA,"$1,630,192"
Emmanuel Ogbah,ED,32.3,10,JAX,"$3,250,000",UFA,"$2,418,094"
Cornelius Lucas,LT,34.6,11,CLE,"$3,250,000",UFA,"$3,091,924"
Miles Killebrew,S,32.8,10,PIT,"$3,250,000",UFA,"$1,474,662"
Devin Bush,LB,27.6,7,CLE,"$3,250,000",UFA,"$8,899,904"
Noah Brown,WR,30.2,9,WAS,"$3,250,000",UFA,"$1,998,958"
Greg Van Roten,G,36,11,NYG,"$3,250,000",UFA,"$5,090,582"
Cooper Rush,QB,32.2,9,BAL,"$3,100,000",UFA,
Keenan Allen,WR,33.8,13,LAC,"$3,020,000",UFA,"$6,815,497"
Ifeatu Melifonwu,S,26.8,5,MIA,"$3,010,000",UFA,"$3,660,364"
Elandon Roberts,LB,31.8,10,LV,"$3,010,000",UFA,"$4,213,132"
Jimmy Garoppolo,QB,34.3,12,LAR,"$3,005,000",UFA,"$2,348,385"
Foley Fatukasi,DL,31,8,HOU,"$3,000,000",UFA,"$2,045,262"
Jamie Gillan,P,28.7,7,NYG,"$3,000,000",UFA,
Tre'Davious White,CB,31.2,9,BUF,"$3,000,000",UFA,"$1,203,422"
Austin Corbett,C,30.5,8,CAR,"$3,000,000",UFA,"$1,483,463"
Nick Westbrook,WR,28.9,6,MIA,"$2,995,000",UFA,"$3,126,923"
Bradley Pinion,P,31.8,11,ATL,"$2,883,333",UFA,
Chris Board,LB,30.6,8,NYG,"$2,850,000",UFA,
Daniel Ekuale,DL,32.2,7,PIT,"$2,800,000",UFA,"$1,967,674"
Brady Christensen,G,29.4,5,CAR,"$2,787,500",UFA,"$5,465,478"
Jahan Dotson,WR,25.9,5,PHI,"$2,757,048",UFA,"$2,660,396"
Josh Reynolds,WR,31.1,9,NYJ,"$2,750,000",UFA,"$1,464,059"
Khadarel Hodge,WR,31.2,8,ATL,"$2,750,000",UFA,
Cordell Volson,G,27.6,4,CIN,"$2,600,000",UFA,"$1,420,521"
Payton Turner,ED,27.2,5,DAL,"$2,500,000",UFA,"$1,933,337"
Marcus Davenport,ED,29.5,8,DET,"$2,500,000",UFA,"$1,851,622"
Dean Lowry,DL,31.8,10,PIT,"$2,500,000",UFA,"$1,437,180"
D.J. Humphries,LT,32.2,11,LAR,"$2,500,000",UFA,"$1,213,568"
Isaiah Oliver,S,29.4,8,NYJ,"$2,500,000",UFA,"$2,887,243"
Ashtyn Davis,S,29.4,6,MIA,"$2,500,000",UFA,"$1,817,778"
Christian Rozeboom,LB,29.1,5,CAR,"$2,500,000",UFA,"$3,046,794"
Amen Ogbongbemiga,LB,27.5,5,CHI,"$2,500,000",UFA,"$2,225,954"
Nick Chubb,RB,30.2,8,HOU,"$2,500,000",UFA,"$1,345,882"
Tim Patrick,WR,32.2,8,JAX,"$2,500,000",UFA,"$2,994,045"
Brandon Graham,DL,37.9,15,PHI,"$2,444,444",UFA,"$1,882,943"
Zay Jones,WR,30.9,9,ARI,"$2,400,000",UFA,"$1,305,196"
Jeff Okudah,CB,27.1,6,MIN,"$2,350,000",UFA,"$989,048"
Landon Young,LT,28.5,5,NO,"$2,327,500",UFA,"$2,185,882"
Spencer Burford,LT,25.6,4,SF,"$2,275,000",UFA,"$3,385,242"
Hunter Renfrow,WR,30.2,4,CAR,"$2,225,000",UFA,"$1,036,560"
Liam Eichenberg,G,28.1,4,MIA,"$2,225,000",UFA,"$1,823,004"
Will Hernandez,G,30.5,8,ARI,"$2,170,000",UFA,"$2,047,731"
Jack Cochrane,LB,27.1,4,KC,"$2,100,000",UFA,"$2,062,125"
Tylan Wallace,WR,26.8,5,BAL,"$2,100,000",UFA,"$2,795,281"
Lucas Patrick,G,32.6,9,CIN,"$2,100,000",UFA,"$1,327,480"
Kevin Givens,DL,29,6,SF,"$2,050,000",UFA,"$1,648,607"
Austin Johnson,DL,31.8,10,JAX,"$2,000,000",UFA,"$2,654,962"
Benito Jones,DL,28.2,5,MIA,"$2,000,000",UFA,"$1,316,197"
Joseph Noteboom,LT,30.7,8,BAL,"$2,000,000",UFA,"$1,597,794"
Calvin Anderson,LT,29.9,7,PIT,"$2,000,000",UFA,"$1,742,226"
Justin Skule,LT,29.2,6,MIN,"$2,000,000",UFA,"$2,766,143"
Damar Hamlin,S,27.9,5,BUF,"$2,000,000",UFA,"$1,777,484"
Darren Waller,TE,33.5,8,MIA,"$2,000,000",UFA,"$3,216,168"
Josh Paschal,ED,26.2,3,DET,"$1,933,913",UFA,"$1,674,440"
Nazeeh Johnson,CB,27.6,4,KC,"$1,900,000",UFA,"$1,189,055"
Kurt Hinish,DL,26.8,3,HOU,"$1,800,000",UFA,"$1,207,829"
Dare Ogunbowale,RB,31.8,7,HOU,"$1,800,000",UFA,"$1,116,233"
Braxton Berrios,WR,30.4,8,HOU,"$1,800,000",UFA,"$1,094,614"
Jerry Tillery,DL,29.4,7,KC,"$1,790,000",UFA,"$2,867,054"
Adoree' Jackson,CB,30.4,9,PHI,"$1,755,000",UFA,"$1,846,126"
Travis Homer,RB,27.6,7,CHI,"$1,750,000",UFA,"$1,555,457"
Sterling Shepard,WR,33.1,10,TB,"$1,750,000",UFA,"$3,313,695"
Danny Pinter,C,29.7,6,IND,"$1,667,500",UFA,"$2,399,007"
Isaiahh Loudermilk,DL,28.4,5,PIT,"$1,627,500",UFA,"$1,197,147"
Skyy Moore,WR,25.5,4,SF,"$1,612,625",UFA,"$1,787,629"
Sam Martin,P,36,13,CAR,"$1,600,000",UFA,
Kris Boyd,CB,29.5,7,NYJ,"$1,600,000",UFA,"$1,157,147"
Raheem Mostert,RB,33.9,10,LV,"$1,600,000",UFA,"$1,290,219"
Rasul Douglas,CB,31.5,9,MIA,"$1,572,500",UFA,"$4,018,154"
Charlie Heck,RT,29.2,6,TB,"$1,570,000",UFA,"$1,737,437"
Ian Thomas,TE,29.8,8,LV,"$1,524,500",UFA,"$1,337,443"
Dawuane Smoot,ED,31,9,JAX,"$1,500,000",UFA,"$1,469,138"
Daniel Thomas,S,27.7,6,DET,"$1,500,000",UFA,"$2,584,249"
Germaine Pratt,LB,29.8,7,IND,"$1,500,000",UFA,"$2,874,172"
Jack Sanborn,LB,25.6,4,DAL,"$1,500,000",UFA,"$2,135,488"
Kareem Hunt,RB,30.6,9,KC,"$1,500,000",UFA,"$1,944,523"
John FitzPatrick,TE,26,4,GB,"$1,500,000",UFA,"$1,200,435"
Cam Taylor-Britt,CB,26.4,4,CIN,"$1,488,182",UFA,"$9,162,200"
Feleipe Franks,TE,28.2,5,ATL,"$1,440,000",UFA,"$1,188,644"
Kendall Lamm,RT,33.8,10,MIA,"$1,425,000",UFA,"$1,944,198"
Jonathan Bullard,DL,32.3,10,NO,"$1,422,500",UFA,"$1,990,897"
Andrus Peat,RT,32.3,11,PIT,"$1,422,500",UFA,"$1,972,163"
Johnny Hekker,P,36.1,14,TEN,"$1,422,500",UFA,
Chuck Clark,S,30.8,9,PIT,"$1,422,500",UFA,"$1,460,232"
Rayshawn Jenkins,S,32.1,8,CLE,"$1,422,500",UFA,"$1,147,766"
Avonte Maddox,CB,29.9,8,DET,"$1,422,500",UFA,"$1,655,759"
Jerome Baker,LB,29.2,8,CLE,"$1,422,500",UFA,"$1,733,720"
Carson Wentz,QB,33.2,10,MIN,"$1,422,500",UFA,
Brandon Allen,QB,33.5,9,TEN,"$1,422,500",UFA,
Michael Burton,FB,34.1,11,DEN,"$1,422,500",UFA,
JuJu Smith-Schuster,WR,29.2,9,KC,"$1,422,500",UFA,"$2,156,402"
Deandre Carter,WR,32.9,8,CLE,"$1,422,500",UFA,"$1,439,436"
Jihad Ward,DL,31.8,10,TEN,"$1,405,000",UFA,"$4,079,489"
Kayode Awosika,G,27.3,4,DET,"$1,400,000",UFA,"$2,860,588"
Joshua Ezeudu,G,26.4,4,NYG,"$1,371,381",UFA,"$1,632,973"
Martin Emerson,CB,25.4,4,CLE,"$1,367,822",UFA,
Artie Burns,CB,30.8,10,MIA,"$1,355,000",UFA,
Stone Smartt,TE,27.4,4,NYJ,"$1,350,000",UFA,"$1,424,723"
Victor Dimukeje,ED,26.2,5,NYG,"$1,337,500",UFA,"$1,106,472"
Fred Johnson,LT,28.8,7,PHI,"$1,337,500",UFA,"$1,509,370"
Kindle Vildor,CB,28.2,6,TB,"$1,337,500",UFA,"$1,586,992"
Demetrius Flannigan-Fowles,LB,29.5,6,NYG,"$1,337,500",UFA,"$1,991,214"
Alexander Mattison,RB,27.7,7,MIA,"$1,337,500",UFA,"$1,444,736"
A.J. Dillon,RB,27.8,6,PHI,"$1,337,500",UFA,"$1,094,614"
Miles Sanders,RB,28.8,7,DAL,"$1,337,500",UFA,"$1,753,748"
Jeremy McNichols,RB,30.2,5,WAS,"$1,337,500",UFA,"$2,636,465"
Scotty Miller,WR,28.6,7,PIT,"$1,337,500",UFA,"$1,639,305"
Aaron Stinnie,G,32,8,NYG,"$1,337,500",UFA,"$1,562,699"
Ben Bartch,G,27.6,6,SF,"$1,337,500",UFA,"$2,380,701"
David Quessenberry,RT,35.5,8,LAR,"$1,330,000",UFA,
Nick McCloud,CB,27.7,5,CHI,"$1,320,000",UFA,"$1,638,971"
Blake Hance,G,30.2,5,TEN,"$1,320,000",UFA,"$1,435,940"
DeAngelo Malone,LB,26.7,4,ATL,"$1,307,396",UFA,"$1,362,156"
Jack Gibbens,LB,27.2,3,NE,"$1,300,000",UFA,
Joey Slye,K,29.9,7,TEN,"$1,295,000",UFA,"$5,068,563"
Dylan Parham,G,26.5,4,LV,"$1,282,857",UFA,"$10,063,467"
Ugo Amadi,S,28.8,7,NO,"$1,280,000",UFA,
Jacob Bobenmoyer,LS,28.8,6,LV,"$1,271,667",UFA,
D'Wayne Eskridge,WR,28.9,5,MIA,"$1,270,000",UFA,"$1,244,901"
Brian Robinson,RB,26.9,4,SF,"$1,261,227",UFA,"$3,073,758"
Ogbonnia Okoronkwo,ED,30.8,8,PHI,"$1,255,000",UFA,"$1,853,248"
Tony Jefferson,SS,34.1,11,LAC,"$1,255,000",UFA,"$3,946,779"
Sheldon Day,DL,31.7,9,WAS,"$1,255,000",UFA,"$2,317,752"
Mike Pennel,DL,34.8,11,KC,"$1,255,000",UFA,"$1,772,065"
Jordan Phillips,DL,33.4,11,BUF,"$1,255,000",UFA,"$1,052,945"
Brent Urban,DL,34.8,12,BAL,"$1,255,000",UFA,"$1,720,026"
Taven Bryan,DL,30,8,BAL,"$1,255,000",UFA,"$1,084,899"
Eddie Goldman,DL,32.2,9,WAS,"$1,255,000",UFA,"$1,474,609"
George Fant,RT,33.6,10,WAS,"$1,255,000",UFA,
Jake McQuaide,LS,38.2,15,LAR,"$1,255,000",UFA,
Aaron Brewer,LS,35.7,14,ARI,"$1,255,000",UFA,
Matt Haack,P,31.6,7,ARI,"$1,255,000",UFA,
Thomas Morstead,P,40,17,SF,"$1,255,000",UFA,
Matt Prater,K,41.6,18,BUF,"$1,255,000",UFA,"$1,518,131"
J.T. Gray,S,30.1,8,TB,"$1,255,000",UFA,
Terrell Edmunds,S,29.1,7,LV,"$1,255,000",UFA,
George Odum,S,32.3,8,IND,"$1,255,000",UFA,
Ronnie Harrison,S,28.8,8,ATL,"$1,255,000",UFA,"$1,479,550"
Jordan Poyer,S,34.8,13,BUF,"$1,255,000",UFA,"$1,284,130"
Jabrill Peppers,S,30.4,9,PIT,"$1,255,000",UFA,"$1,387,831"
Jamal Adams,S,30.3,8,LV,"$1,255,000",UFA,"$1,163,907"
Deon Bush,S,32.6,9,KC,"$1,255,000",UFA,
Jalen Mills,CB,31.9,10,DET,"$1,255,000",UFA,"$1,297,105"
Antonio Hamilton,CB,33.1,10,WAS,"$1,255,000",UFA,
Fabian Moreau,CB,31.9,9,MIN,"$1,255,000",UFA,"$1,125,645"
Arthur Maulet,CB,32.7,9,DET,"$1,255,000",UFA,
Michael Davis,CB,31.2,9,NO,"$1,255,000",UFA,
C.J. Goodwin,CB,36.1,10,DAL,"$1,255,000",UFA,
Ahkello Witherspoon,CB,30.9,9,LAR,"$1,255,000",UFA,"$1,403,453"
Preston Smith,LB,33.2,11,WAS,"$1,255,000",UFA,"$2,200,887"
Anthony Walker Jr.,LB,30.6,8,TB,"$1,255,000",UFA,"$2,566,416"
Neville Hewitt,LB,32.9,11,NYG,"$1,255,000",UFA,"$970,249"
Shaq Thompson,LB,31.8,11,BUF,"$1,255,000",UFA,"$2,396,249"
Zach Cunningham,LB,31.2,9,DET,"$1,255,000",UFA,
Deion Jones,LB,31.3,9,TB,"$1,255,000",UFA,
Ezekiel Turner,LB,29.8,8,DET,"$1,255,000",UFA,"$2,051,750"
Ameer Abdullah,RB,32.8,11,IND,"$1,255,000",UFA,"$1,969,186"
Chris Moore,WR,32.8,9,WAS,"$1,255,000",UFA,"$1,247,234"
Marquez Valdes-Scantling,WR,31.4,8,PIT,"$1,255,000",UFA,"$1,321,326"
Dante Pettis,WR,30.3,8,NO,"$1,255,000",UFA,"$1,434,549"
Brandin Cooks,WR,32.4,12,BUF,"$1,255,000",UFA,"$2,988,287"
Tyler Lockett,WR,33.4,11,LV,"$1,255,000",UFA,"$1,708,924"
Nick Vannett,TE,33,10,LAR,"$1,255,000",UFA,"$1,595,102"
Pharaoh Brown,TE,31.8,8,ARI,"$1,255,000",UFA,"$1,011,343"
Marcedes Lewis,TE,41.8,19,DEN,"$1,255,000",UFA,"$1,801,738"
Robert Tonyan Jr.,TE,31.8,7,KC,"$1,255,000",UFA,"$1,500,008"
Germain Ifedi,G,31.8,10,MIA,"$1,255,000",UFA,
Dan Feeney,C,31.8,9,TB,"$1,255,000",UFA,"$1,089,594"
Cameron Sample,ED,26.4,5,CIN,"$1,225,000",UFA,"$1,962,479"
Jaylon Jones,S,28.4,4,CHI,"$1,200,000",UFA,
Darnay Holmes,CB,27.7,6,LV,"$1,195,000",UFA,"$2,456,234"
Jalyn Holmes,ED,30.1,6,WAS,"$1,170,000",UFA,"$1,522,268"
Clelin Ferrell,ED,28.8,7,SF,"$1,170,000",UFA,"$4,713,750"
Khalid Kareem,ED,27.8,5,ATL,"$1,170,000",UFA,
Khalen Saunders,DL,29.6,7,NYJ,"$1,170,000",UFA,"$1,515,404"
Chris Wormley,DL,32.3,6,IND,"$1,170,000",UFA,"$1,368,578"
James Lynch,DL,27.1,6,TEN,"$1,170,000",UFA,"$1,669,483"
Jay Tufele,DL,26.6,5,NYJ,"$1,170,000",UFA,"$1,568,944"
Jake Curhan,RT,28.1,5,CAR,"$1,170,000",UFA,"$1,397,789"
Matt Nelson,RT,30.2,5,MIN,"$1,170,000",UFA,
Hakeem Adeniji,LT,28.2,6,DAL,"$1,170,000",UFA,"$1,611,808"
Olisaemeka Udoh,LT,29.1,7,TEN,"$1,170,000",UFA,"$1,417,707"
Scott Daly,LS,32.1,5,CHI,"$1,170,000",UFA,
Marcus Epps,S,30.1,7,PHI,"$1,170,000",UFA,"$3,117,698"
Terrell Burgess,S,27.3,5,NO,"$1,170,000",UFA,"$2,497,331"
Mike Edwards,S,29.8,7,KC,"$1,170,000",UFA,"$1,212,687"
Chris Lammons,CB,30.1,6,IND,"$1,170,000",UFA,"$1,620,768"
Myles Bryant,CB,28.2,6,HOU,"$1,170,000",UFA,"$2,594,452"
Corey Ballentine,CB,29.9,7,DAL,"$1,170,000",UFA,
Joe Bachie,LB,28,6,TEN,"$1,170,000",UFA,"$1,065,014"
Curtis Robinson,LB,27.8,4,SF,"$1,170,000",UFA,"$1,247,033"
Mykal Walker,LB,28.5,6,NYJ,"$1,170,000",UFA,"$2,234,199"
Caleb Johnson,LB,27.6,5,MIA,"$1,170,000",UFA,
Krys Barnes,LB,27.9,6,CAR,"$1,170,000",UFA,"$2,236,427"
Troy Reeder,LB,31.5,7,LAR,"$1,170,000",UFA,"$1,051,000"
Devin White,LB,28,7,LV,"$1,170,000",UFA,"$2,812,086"
Josh Woods,LB,29.7,6,ATL,"$1,170,000",UFA,
John Wolford,QB,30.4,5,MIN,"$1,170,000",UFA,
Easton Stick,QB,30.5,7,ATL,"$1,170,000",UFA,
Brett Rypien,QB,29.7,6,MIN,"$1,170,000",UFA,
Khalil Herbert,RB,27.8,5,NYJ,"$1,170,000",UFA,"$1,413,167"
Trayveon Williams,RB,28.3,7,CLE,"$1,170,000",UFA,"$1,434,126"
Michael Carter,RB,26.8,4,ARI,"$1,170,000",UFA,"$3,103,494"
Salvon Ahmed,RB,27.2,5,IND,"$1,170,000",UFA,
James Proche,WR,29.4,6,TEN,"$1,170,000",UFA,"$1,264,764"
Tyler Johnson,WR,27.5,5,NYJ,"$1,170,000",UFA,"$2,160,505"
Cedrick Wilson,WR,30.2,8,MIA,"$1,170,000",UFA,"$1,168,127"
Gabriel Davis,WR,26.9,6,BUF,"$1,170,000",UFA,"$1,599,890"
Trent Taylor,WR,31.8,7,SF,"$1,170,000",UFA,"$2,491,648"
Harrison Bryant,TE,27.8,6,HOU,"$1,170,000",UFA,"$1,471,201"
Anthony Firkser,TE,31,7,DET,"$1,170,000",UFA,"$1,147,870"
Josiah Deguara,TE,29.1,6,ARI,"$1,170,000",UFA,"$1,430,648"
Donald Parham,TE,28.6,5,PIT,"$1,170,000",UFA,
Jack Driscoll,G,28.9,5,PIT,"$1,170,000",UFA,
Michael Jordan,G,28.1,6,TB,"$1,170,000",UFA,"$1,479,760"
Trystan Colon-Castillo,G,27.9,6,DET,"$1,170,000",UFA,"$1,638,994"
Max Scharping,G,29.6,7,PIT,"$1,170,000",UFA,"$1,292,248"
Daniel Brunskill,G,32.1,7,MIA,"$1,170,000",UFA,"$2,803,089"
Sam Mustipher,C,29.6,6,DEN,"$1,170,000",UFA,"$1,748,339"
Andre James,C,28.8,7,LAC,"$1,170,000",UFA,"$1,268,619"
Chazz Surratt,LB,29.1,4,SEA,"$1,150,000",UFA,
Daniel Faalele,G,26.3,4,BAL,"$1,115,085",UFA,"$10,523,822"
Damarri Mathis,CB,26.9,4,CAR,"$1,109,741",UFA,
Jalyn Armour-Davis,CB,26.5,4,TEN,"$1,105,082",UFA,"$1,838,261"
Zamir White,RB,26.4,4,LV,"$1,100,983",UFA,"$848,431"
Quinton Bell,ED,29.8,4,MIA,"$1,100,000",UFA,"$1,513,384"
Chris Rumph II,ED,27.3,5,NO,"$1,100,000",UFA,"$1,419,472"
Janarius Robinson,ED,27.8,5,KC,"$1,100,000",UFA,"$1,844,782"
Sam Kamara,DL,28.2,3,CLE,"$1,100,000",UFA,
Sam Roberts,DL,27.9,3,ATL,"$1,100,000",UFA,
Thayer Munford Jr.,RT,26.4,4,NE,"$1,100,000",UFA,"$1,274,162"
Lucas Niang,RT,27.5,4,WAS,"$1,100,000",UFA,
Jamarco Jones,RT,29.8,6,DET,"$1,100,000",UFA,
D’Anthony Bell,S,29.3,3,CAR,"$1,100,000",UFA,"$1,928,056"
Kemon Hall,CB,28.8,4,TEN,"$1,100,000",UFA,
Jack Jones,CB,28.2,4,MIA,"$1,100,000",UFA,"$5,080,833"
Darren Hall,CB,25.8,4,ARI,"$1,100,000",UFA,"$1,141,126"
D'Angelo Ross,CB,29.3,6,CLE,"$1,100,000",UFA,
Sam Webb,CB,27.8,3,CLE,"$1,100,000",UFA,
Kaiir Elam,CB,24.8,4,TEN,"$1,100,000",UFA,"$1,181,293"
Jon Rhattigan,LB,27.1,5,LV,"$1,100,000",UFA,
Brian Asamoah,LB,25.9,4,CIN,"$1,100,000",UFA,
J.J. Russell,LB,27.4,4,ARI,"$1,100,000",UFA,
Tarron Jackson,LB,27.7,3,SF,"$1,100,000",UFA,
Jacob Phillips,LB,26.9,5,IND,"$1,100,000",UFA,
Skylar Thompson,QB,28.8,4,PIT,"$1,100,000",UFA,
Ronnie Rivers,RB,27.1,4,LAR,"$1,100,000",UFA,
Dameon Pierce,RB,26,4,KC,"$1,100,000",UFA,
Julius Chestnut,RB,25.3,4,TEN,"$1,100,000",UFA,"$1,171,778"
David Sills,WR,30.6,3,ATL,"$1,100,000",UFA,
Teagan Quitoriano,TE,26,4,ATL,"$1,100,000",UFA,
Shane Zylstra,TE,29.3,4,DET,"$1,100,000",UFA,"$1,249,940"
Tyree Jackson,TE,28.3,3,WAS,"$1,100,000",UFA,
Brock Hoffman,C,26.7,3,DAL,"$1,100,000",UFA,
Hassan Haskins,RB,26.2,4,LAC,"$1,088,055",UFA,"$1,430,001"
Ben VanSumeren,FB,25.8,3,PHI,"$1,055,000",UFA,
Austin Deculus,LT,27,3,LAC,"$1,035,000",UFA,
Jeremiah Moon,ED,26.5,3,PIT,"$1,030,000",UFA,
Arron Mosby,ED,26.9,3,GB,"$1,030,000",UFA,
Yodny Cajuste,LT,30,4,MIA,"$1,030,000",UFA,
Derion Kendrick,CB,25.5,4,LAR,"$1,030,000",UFA,"$2,217,324"
Cameron Mitchell,CB,24.5,3,IND,"$1,030,000",UFA,
Chase Lucas,CB,29,3,SF,"$1,030,000",UFA,
Buddy Johnson,LB,27,4,IND,"$1,030,000",UFA,
Segun Olubi,LB,26.3,3,IND,"$1,030,000",UFA,
Hendon Hooker,QB,28.2,2,NYJ,"$1,030,000",UFA,
Keaontay Ingram,RB,26.3,3,KC,"$1,030,000",UFA,
Zonovan Knight,RB,24.9,3,ARI,"$1,030,000",UFA,
Tyler Goodson,RB,25.3,3,IND,"$1,030,000",UFA,
Cody White,WR,27.2,3,SEA,"$1,030,000",UFA,
Alex Bachman,WR,29.8,6,LV,"$1,030,000",UFA,"$1,245,813"
DJ Montgomery,WR,29.2,4,IND,"$1,030,000",UFA,
James Mitchell,TE,26.6,3,CAR,"$1,030,000",UFA,
Blake Whiteheart,TE,25.9,3,CLE,"$1,030,000",UFA,
Travis Vokolek,TE,27.8,2,ARI,"$1,030,000",UFA,
Yasir Durant,T,27.8,3,NE,"$1,030,000",UFA,
Ryan McCollum,C,28,3,PIT,"$1,030,000",UFA,
Perrion Winfrey,DL,25.6,2,DAL,"$1,017,500",UFA,
D.J. Davidson,DL,26.2,4,NYG,"$1,003,529",UFA,"$1,114,820"
Eric Johnson,DL,27.7,4,IND,"$995,185",UFA,"$1,025,798"
Savion Washington,T,,,LAC,"$993,333",UFA,
Zeke Correll,C,25.3,,MIN,"$991,667",UFA,
Tycen Anderson,S,26.8,4,CIN,"$991,521",UFA,"$1,751,124"
Ty Chandler,RB,27.8,4,MIN,"$989,710",UFA,"$1,386,585"
Anthony Johnson Jr.,CB,26.2,2,NYG,"$980,941",UFA,
Damone Clark,LB,25.7,4,HOU,"$975,638",UFA,"$1,467,262"
Kyu Blu Kelly,CB,24.8,2,LV,"$972,500",UFA,
P.J. Mustipher,DL,26.3,1,ARI,"$960,000",UFA,
Luke Tenuta,LT,26.5,3,IND,"$960,000",UFA,
Matt Araiza,P,25.8,2,KC,"$960,000",ERFA,
Devon Key,S,27.8,2,DEN,"$960,000",ERFA,
Anthony Kendall,CB,26.2,2,CLE,"$960,000",UFA,
Eric Scott Jr.,CB,26.6,2,KC,"$960,000",UFA,
Deneric Prince,RB,25.9,1,NE,"$960,000",UFA,
Popo Aumavae,DL,27.2,2,CAR,"$948,333",UFA,
Ja'Sir Taylor,CB,27.2,4,NYJ,"$948,003",UFA,"$1,110,560"
Jaquelin Roy,DL,25.3,3,NE,"$915,000",UFA,
Tucker Fisk,TE,27.1,3,LAC,"$915,000",UFA,
Mohamoud Diabate,LB,24.8,3,CLE,"$906,667",UFA,
Bryce Ford-Wheaton,WR,26,3,NYG,"$905,000",UFA,
Cam Jones,LB,26.3,3,NYJ,"$903,333",UFA,
Malik Heath,WR,26,3,ATL,"$901,333",UFA,
Markees Watts,ED,26.2,3,TB,"$898,333",UFA,
Anfernee Orji,ED,25.4,2,TEN,"$877,500",UFA,
Ryan Miller,WR,26,2,NYG,"$877,500",ERFA,
Isaiah Iton,DL,24.5,1,NE,"$840,000",UFA,
Jacob Slade,DL,26,1,PIT,"$840,000",UFA,
Joshua Cephus,WR,24.9,1,JAX,"$840,000",UFA,
Mason Pline,TE,26.1,1,NO,"$840,000",UFA,
Obinna Eze,T,27.8,1,MIA,"$840,000",UFA,
Donovan Jennings,G,26.2,1,GB,"$840,000",ERFA,
Eric Kendricks,LB,34,10,SF,"$396,000",UFA,
Will Grier,QB,30.9,6,DAL,"$396,000",UFA,
Tyler Hall,CB,27.3,4,SEA,"$315,000",UFA,
Dane Jackson,CB,29.2,4,BUF,"$315,000",UFA,
Nick Hampton,ED,25.9,3,LAR,"$234,000",UFA,
Tyler McLellan,LT,26.6,,TB,"$234,000",ERFA,
Jeff Driskel,QB,32.8,8,WAS,$0,UFA,
Chase Edmonds,RB,29.9,7,WAS,$0,UFA,
Jack Westover,TE,26.8,1,NE,$0,ERFA,
Tyrone Wheatley Jr.,RT,29.1,2,ATL,,UFA,
Dicaprio Bootle,CB,28.4,2,DET,,UFA,
Jalen Reeves-Maybin,LB,31.1,8,CHI,,UFA,